date,contract_preamble,expiry_date,mean,median,mode,skewness,kurtosis,variance
2024-12-20,KXGDPYEAR-25,2025-09-07,2.554761904761905,2.65,5,0.9221032132424537,-2.019348624862621,5.9800963718820865
2024-12-21,KXGDPYEAR-25,2025-09-07,2.480733944954129,2.3,2.3,0.19408866995073923,-0.5591923115175588,1.4081609292147128
2024-12-22,KXGDPYEAR-25,2025-09-07,2.485849056603774,2.3,2.3,0.1940886699507387,-0.62680898911321,1.447063901744393
2024-12-23,KXGDPYEAR-25,2025-09-07,2.485849056603774,2.3,2.3,0.1940886699507387,-0.62680898911321,1.447063901744393
2024-12-24,KXGDPYEAR-25,2025-09-07,2.485849056603774,2.3,2.3,0.1940886699507387,-0.62680898911321,1.447063901744393
2024-12-25,KXGDPYEAR-25,2025-09-07,2.485849056603774,2.3,2.3,0.1940886699507387,-0.62680898911321,1.447063901744393
2024-12-26,KXGDPYEAR-25,2025-09-07,2.485849056603774,2.3,2.3,0.1940886699507387,-0.62680898911321,1.447063901744393
2024-12-27,KXGDPYEAR-25,2025-09-07,2.485849056603774,2.3,2.3,0.1940886699507387,-0.62680898911321,1.447063901744393
2024-12-28,KXGDPYEAR-25,2025-09-07,2.1645669291338576,2.3,2.3,-0.12427745664739928,-0.7857465814899127,1.766539773079546
2024-12-29,KXGDPYEAR-25,2025-09-07,2.16969696969697,2.3,2.3,-0.12427745664739889,-0.7043997800456281,1.7002938475665745
2024-12-30,KXGDPYEAR-25,2025-09-07,2.16969696969697,2.3,2.3,-0.12427745664739889,-0.7043997800456281,1.7002938475665745
2024-12-31,KXGDPYEAR-25,2025-09-07,2.1703999999999994,2.3,2.3,-0.11790393013100434,-0.819784172479642,1.7926438399999995
2025-01-01,KXGDPYEAR-25,2025-09-07,2.284552845528456,2.3,2.3,-0.012574454003970286,-1.0009573851715563,2.216590653711416
2025-01-02,KXGDPYEAR-25,2025-09-07,2.284552845528456,2.3,2.3,-0.012574454003970286,-1.0009573851715563,2.216590653711416
2025-01-03,KXGDPYEAR-25,2025-09-07,2.284552845528456,2.3,2.3,-0.012574454003970286,-1.0009573851715563,2.216590653711416
2025-01-04,KXGDPYEAR-25,2025-09-07,2.2495999999999996,2.3,0.1,-0.040514469453376036,-1.0186004943143903,2.2562598399999994
2025-01-05,KXGDPYEAR-25,2025-09-07,2.3641666666666667,2.3,2.3,0.05365853658536608,-0.9617781265858336,2.1387993055555556
2025-01-06,KXGDPYEAR-25,2025-09-07,2.2566929133858267,2.3,2.3,-0.03509891512444154,-1.0125827748426381,2.251589063178126
2025-01-07,KXGDPYEAR-25,2025-09-07,2.2566929133858267,2.3,2.3,-0.03509891512444154,-1.0125827748426381,2.251589063178126
2025-01-08,KXGDPYEAR-25,2025-09-07,2.2566929133858267,2.3,2.3,-0.03509891512444154,-1.0125827748426381,2.251589063178126
2025-01-09,KXGDPYEAR-25,2025-09-07,2.2566929133858267,2.3,2.3,-0.03509891512444154,-1.0125827748426381,2.251589063178126
2025-01-10,KXGDPYEAR-25,2025-09-07,2.1537190082644626,2.3,0.1,-0.11919191919191886,-0.925612750353118,2.207114268151082
2025-01-11,KXGDPYEAR-25,2025-09-07,2.1537190082644626,2.3,0.1,-0.11919191919191886,-0.925612750353118,2.207114268151082
2025-01-12,KXGDPYEAR-25,2025-09-07,2.13,2.3,0.1,-0.13991769547325097,-0.911258492084217,2.1574333333333335
2025-01-13,KXGDPYEAR-25,2025-09-07,2.13,2.3,0.1,-0.13991769547325097,-0.911258492084217,2.1574333333333335
2025-01-14,KXGDPYEAR-25,2025-09-07,2.13,2.3,0.1,-0.13991769547325097,-0.911258492084217,2.1574333333333335
2025-01-15,KXGDPYEAR-25,2025-09-07,2.13,2.3,0.1,-0.13991769547325097,-0.911258492084217,2.1574333333333335
2025-01-16,KXGDPYEAR-25,2025-09-07,2.203225806451613,2.3,0.1,-0.07782101167315171,-0.9805752612002325,2.260312174817898
2025-01-17,KXGDPYEAR-25,2025-09-07,2.2233870967741933,2.3,0.1,-0.06221349050425675,-0.9642334516185498,2.2335659469302804
2025-01-18,KXGDPYEAR-25,2025-09-07,2.210569105691057,2.3,0.1,-0.07133592736705538,-0.9868551536544228,2.259806993191883
2025-01-19,KXGDPYEAR-25,2025-09-07,2.164462809917355,2.3,0.1,-0.11021505376344116,-0.9607039070765198,2.166423058534253
2025-01-20,KXGDPYEAR-25,2025-09-07,2.0485714285714294,2.3,2.8,-0.22680412371133968,-0.625019855195335,1.7918312925170072
2025-01-21,KXGDPYEAR-25,2025-09-07,2.0455445544554456,1.8,2.3,0.2210338680926916,-0.6185677945763408,1.808420743064405
2025-01-22,KXGDPYEAR-25,2025-09-07,2.0742857142857147,2.3,2.8,-0.20662598081952863,-0.6066764407531284,1.760386394557823
2025-01-23,KXGDPYEAR-25,2025-09-07,2.0742857142857147,2.3,2.8,-0.20662598081952863,-0.6066764407531284,1.760386394557823
2025-01-24,KXGDPYEAR-25,2025-09-07,2.08256880733945,2.3,2.3,-0.20662598081952893,-0.528042960850664,1.6975860617793117
2025-01-25,KXGDPYEAR-25,2025-09-07,2.08,2.3,2.3,-0.21006944444444423,-0.5052443015587009,1.6828727272727269
2025-01-26,KXGDPYEAR-25,2025-09-07,2.1107142857142858,2.3,2.3,-0.17935702199661568,-0.5857637977178642,1.704706632653061
2025-01-27,KXGDPYEAR-25,2025-09-07,2.1107142857142858,2.3,2.3,-0.17935702199661568,-0.5857637977178642,1.704706632653061
2025-01-28,KXGDPYEAR-25,2025-09-07,2.1107142857142858,2.3,2.3,-0.17935702199661568,-0.5857637977178642,1.704706632653061
2025-01-29,KXGDPYEAR-25,2025-09-07,2.1107142857142858,2.3,2.3,-0.17935702199661568,-0.5857637977178642,1.704706632653061
2025-01-30,KXGDPYEAR-25,2025-09-07,2.0963302752293584,2.3,2.8,-0.18941979522184266,-0.6077305237978554,1.7377846982577225
2025-01-31,KXGDPYEAR-25,2025-09-07,2.0981651376146795,2.3,2.3,-0.19469026548672538,-0.4859675360430771,1.6620149819038803
2025-02-01,KXGDPYEAR-25,2025-09-07,2.0354545454545456,2.3,2.3,-0.253705318221447,-0.5310471536835148,1.6390157024793384
2025-02-02,KXGDPYEAR-25,2025-09-07,2.044897959183673,2.3,2.3,-0.25201612903225784,-0.4933625748474948,1.608800499791753
2025-02-03,KXGDPYEAR-25,2025-09-07,2.0315789473684207,2.3,2.8,-0.25835866261398244,-0.5514951180980532,1.657318559556786
2025-02-04,KXGDPYEAR-25,2025-09-07,2.0315789473684207,2.3,2.8,-0.25835866261398244,-0.5514951180980532,1.657318559556786
2025-02-05,KXGDPYEAR-25,2025-09-07,2.0343750000000003,2.3,2.3,-0.25835866261398177,-0.5294088598529179,1.6407975260416663
2025-02-06,KXGDPYEAR-25,2025-09-07,2.0821782178217827,2.3,2.8,-0.21526418786692733,-0.546864939491444,1.6064150573473188
2025-02-07,KXGDPYEAR-25,2025-09-07,2.0821782178217827,2.3,2.8,-0.21526418786692733,-0.546864939491444,1.6064150573473188
2025-02-08,KXGDPYEAR-25,2025-09-07,2.0821782178217827,2.3,2.8,-0.21526418786692733,-0.546864939491444,1.6064150573473188
2025-02-09,KXGDPYEAR-25,2025-09-07,2.0821782178217827,2.3,2.8,-0.21526418786692733,-0.546864939491444,1.6064150573473188
2025-02-10,KXGDPYEAR-25,2025-09-07,2.0315789473684207,2.3,2.8,-0.25835866261398244,-0.5514951180980532,1.657318559556786
2025-02-11,KXGDPYEAR-25,2025-09-07,2.0315789473684207,2.3,2.8,-0.25835866261398244,-0.5514951180980532,1.657318559556786
2025-02-12,KXGDPYEAR-25,2025-09-07,2.0315789473684207,2.3,2.8,-0.25835866261398244,-0.5514951180980532,1.657318559556786
2025-02-13,KXGDPYEAR-25,2025-09-07,2.0315789473684207,2.3,2.8,-0.25835866261398244,-0.5514951180980532,1.657318559556786
2025-02-14,KXGDPYEAR-25,2025-09-07,2.0315789473684207,2.3,2.8,-0.25835866261398244,-0.5514951180980532,1.657318559556786
2025-02-15,KXGDPYEAR-25,2025-09-07,2.029166666666667,2.3,1.8,-0.26209677419354815,-0.5260672055382183,1.6406076388888886
2025-02-16,KXGDPYEAR-25,2025-09-07,2.068085106382979,2.3,1.8,-0.22947368421052614,-0.4699204973755067,1.60259846084201
2025-02-17,KXGDPYEAR-25,2025-09-07,2.0494623655913977,2.3,1.8,-0.2491978609625668,-0.42122643592063724,1.5872308937449418
2025-02-18,KXGDPYEAR-25,2025-09-07,2.0622448979591828,2.3,2.3,-0.24919786096256719,-0.3004831639436283,1.509288837984173
2025-02-19,KXGDPYEAR-25,2025-09-07,2.0622448979591828,2.3,2.3,-0.24919786096256719,-0.3004831639436283,1.509288837984173
2025-02-20,KXGDPYEAR-25,2025-09-07,2.0797979797979793,2.3,2.8,-0.22947368421052622,-0.3310847624454949,1.5090868278747065
2025-02-21,KXGDPYEAR-25,2025-09-07,2.108910891089109,2.3,2.8,-0.19794871794871768,-0.39430191382301194,1.5223958435447502
2025-02-22,KXGDPYEAR-25,2025-09-07,2.1401869158878504,2.3,2.3,-0.1655372700871248,-0.44916192629445595,1.508198095903572
2025-02-23,KXGDPYEAR-25,2025-09-07,2.1401869158878504,2.3,2.3,-0.1655372700871248,-0.44916192629445595,1.508198095903572
2025-02-24,KXGDPYEAR-25,2025-09-07,2.1401869158878504,2.3,2.3,-0.1655372700871248,-0.44916192629445595,1.508198095903572
2025-02-25,KXGDPYEAR-25,2025-09-07,2.1401869158878504,2.3,2.3,-0.1655372700871248,-0.44916192629445595,1.508198095903572
2025-02-26,KXGDPYEAR-25,2025-09-07,2.1401869158878504,2.3,2.3,-0.1655372700871248,-0.44916192629445595,1.508198095903572
2025-02-27,KXGDPYEAR-25,2025-09-07,2.1401869158878504,2.3,2.3,-0.1655372700871248,-0.44916192629445595,1.508198095903572
2025-02-28,KXGDPYEAR-25,2025-09-07,2.0000000000000004,1.8,1.8,0.19055944055944046,-0.6279726881807597,1.6359633027522937
2025-03-01,KXGDPYEAR-25,2025-09-07,1.9518867924528303,1.8,1.8,0.1436217662801071,-0.6424975744969177,1.6898549305802772
2025-03-02,KXGDPYEAR-25,2025-09-07,1.9518867924528303,1.8,1.8,0.1436217662801071,-0.6424975744969177,1.6898549305802772
2025-03-03,KXGDPYEAR-25,2025-09-07,1.9578431372549019,1.8,0.1,0.1436217662801069,-0.7339983979939353,1.7551835832372162
2025-03-04,KXGDPYEAR-25,2025-09-07,1.8564814814814818,1.8,0.1,0.05037159372419496,-0.7670914662324222,1.7983839163237312
2025-03-05,KXGDPYEAR-25,2025-09-07,1.7921739130434784,1.8,0.1,-0.007081038552320724,-0.666315613769275,1.7483735349716445
2025-03-06,KXGDPYEAR-25,2025-09-07,1.7262711864406786,1.3,0.1,0.3784800601956363,-0.6552073042854372,1.7880386383223215
2025-03-07,KXGDPYEAR-25,2025-09-07,1.698198198198198,1.3,0.1,0.3683333333333332,-0.40952810417320196,1.722519276032789
2025-03-08,KXGDPYEAR-25,2025-09-07,1.6603603603603598,1.3,0.1,0.33840947546531264,-0.3404493313412349,1.6831133836539236
2025-03-09,KXGDPYEAR-25,2025-09-07,1.688990825688074,1.3,0.1,0.36614853195164077,-0.3401349383006833,1.6685026512919787
2025-03-10,KXGDPYEAR-25,2025-09-07,1.688990825688074,1.3,0.1,0.36614853195164077,-0.3401349383006833,1.6685026512919787
2025-03-11,KXGDPYEAR-25,2025-09-07,1.6990909090909088,1.55,0.1,0.37425404944586504,-0.36569433530479456,1.6644537190082644
2025-03-12,KXGDPYEAR-25,2025-09-07,1.656637168141593,1.3,0.1,0.333333333333333,-0.3672597612010997,1.6863497533087946
2025-03-13,KXGDPYEAR-25,2025-09-07,1.644036697247707,1.3,0.1,0.3241140881590323,-0.3124568497021438,1.6980607692955145
2025-03-14,KXGDPYEAR-25,2025-09-07,1.5757009345794395,1.3,0.1,0.27138914443422285,-0.004447688221906443,1.6014656301860424
2025-03-15,KXGDPYEAR-25,2025-09-07,1.6035714285714284,1.3,0.1,0.2951388888888889,-0.12166434054051845,1.5885586734693877
2025-03-16,KXGDPYEAR-25,2025-09-07,1.6035714285714284,1.3,0.1,0.2951388888888889,-0.12166434054051845,1.5885586734693877
2025-03-17,KXGDPYEAR-25,2025-09-07,1.6651376146788996,1.3,1.3,0.35727109515260347,-0.11245340764702805,1.5499772746401823
2025-03-18,KXGDPYEAR-25,2025-09-07,1.6376146788990829,1.3,1.8,0.33948339483394824,0.06730948018271299,1.5142732093258142
2025-03-19,KXGDPYEAR-25,2025-09-07,1.6315315315315309,1.3,1.3,0.3394833948339482,0.12984197716356682,1.4890057625192754
2025-03-20,KXGDPYEAR-25,2025-09-07,1.6620370370370372,1.3,1.3,0.36507936507936517,0.012750898978431735,1.5371699245541837
2025-03-21,KXGDPYEAR-25,2025-09-07,1.6280373831775707,1.3,0.1,0.32172318973418873,-0.08126203406948695,1.5995877369202551
2025-03-22,KXGDPYEAR-25,2025-09-07,1.658947368421052,1.8,0.1,-0.1359026369168359,-0.0820364252861423,1.6203146814404423
2025-03-23,KXGDPYEAR-25,2025-09-07,1.658947368421052,1.8,0.1,-0.1359026369168359,-0.0820364252861423,1.6203146814404423
2025-03-24,KXGDPYEAR-25,2025-09-07,1.6268041237113402,1.3,0.1,0.3123152709359605,-0.08693507593903904,1.6359825698799022
2025-03-25,KXGDPYEAR-25,2025-09-07,1.5870000000000002,1.3,0.1,0.27464114832535896,-0.06366504504162451,1.6381309999999996
2025-03-26,KXGDPYEAR-25,2025-09-07,1.5870000000000002,1.3,0.1,0.27464114832535896,-0.06366504504162451,1.6381309999999996
2025-03-27,KXGDPYEAR-25,2025-09-07,1.5870000000000002,1.3,0.1,0.27464114832535896,-0.06366504504162451,1.6381309999999996
2025-03-28,KXGDPYEAR-25,2025-09-07,1.5679245283018866,1.3,0.1,0.2709923664122137,0.14804881814367432,1.544820220719117
2025-03-29,KXGDPYEAR-25,2025-09-07,1.5679245283018866,1.3,0.1,0.2709923664122137,0.14804881814367432,1.544820220719117
2025-03-30,KXGDPYEAR-25,2025-09-07,1.581904761904762,1.3,1.3,0.28571428571428586,0.14813958827865603,1.5388154195011339
2025-03-31,KXGDPYEAR-25,2025-09-07,1.581904761904762,1.3,1.3,0.28571428571428586,0.14813958827865603,1.5388154195011339
2025-04-01,KXGDPYEAR-25,2025-09-07,1.5611111111111113,1.3,0.1,0.2635514018691591,0.14073333332104543,1.5410802469135803
2025-04-02,KXGDPYEAR-25,2025-09-07,1.5084112149532714,1.3,0.1,0.21057601510859325,0.2305956911991598,1.558714298191982
2025-04-03,KXGDPYEAR-25,2025-09-07,1.4373913043478261,1.3,0.1,0.13932980599647288,0.3365204538271458,1.5409497164461248
2025-04-04,KXGDPYEAR-25,2025-09-07,1.2177570093457946,0.8,0.1,0.44039408866995083,1.0635507103738062,1.5857594549742338
2025-04-05,KXGDPYEAR-25,2025-09-07,1.177477477477477,0.8,0.1,0.4017257909875356,1.1695094733501916,1.5720152585017444
2025-04-06,KXGDPYEAR-25,2025-09-07,1.1778761061946899,0.8,0.1,0.4009389671361499,1.1380057760175974,1.5656167280131563
2025-04-07,KXGDPYEAR-25,2025-09-07,1.1129310344827583,0.8,0.1,0.32732191163210095,1.2040133893773248,1.5894017538644465
2025-04-08,KXGDPYEAR-25,2025-09-07,1.1412280701754391,0.8,0.1,0.3559011893870082,1.1445793682204135,1.5897914742997843
2025-04-09,KXGDPYEAR-25,2025-09-07,1.07787610619469,0.8,0.1,0.3139999999999997,1.0746676362980727,1.3254397368627138
2025-04-10,KXGDPYEAR-25,2025-09-07,1.0625,0.8,0.1,0.29999999999999993,1.2285476292839288,1.3105580357142856
2025-04-11,KXGDPYEAR-25,2025-09-07,1.0213675213675213,0.8,0.1,0.25517241379310335,1.370546809084555,1.2924494119365915
2025-04-12,KXGDPYEAR-25,2025-09-07,1.0539823008849556,0.8,0.1,0.29078014184397144,1.2563024060651449,1.307085911191166
2025-04-13,KXGDPYEAR-25,2025-09-07,1.0539823008849556,0.8,0.1,0.29078014184397144,1.2563024060651449,1.307085911191166
2025-04-14,KXGDPYEAR-25,2025-09-07,1.0213675213675213,0.8,0.1,0.25517241379310335,1.370546809084555,1.2924494119365915
2025-04-15,KXGDPYEAR-25,2025-09-07,1.0228070175438597,0.3,0.1,0.8239999999999998,1.2617077013243776,1.324918436441982
2025-04-16,KXGDPYEAR-25,2025-09-07,1.0354545454545454,0.3,0.1,0.8213197969543147,1.1708645679921048,1.353197520661157
2025-04-17,KXGDPYEAR-25,2025-09-07,1.0576576576576575,0.8,0.1,0.28657314629258507,1.096192816709192,1.3431620809999183
2025-04-18,KXGDPYEAR-25,2025-09-07,1.06,0.8,0.1,0.28657314629258485,1.0528414209822836,1.3547636363636362
2025-04-19,KXGDPYEAR-25,2025-09-07,1.06,0.8,0.1,0.28657314629258485,1.0528414209822836,1.3547636363636362
2025-04-20,KXGDPYEAR-25,2025-09-07,1.0530434782608697,0.8,0.1,0.2901296111665005,1.2501879098407311,1.2986646502835542
2025-04-21,KXGDPYEAR-25,2025-09-07,1.0530434782608697,0.8,0.1,0.2901296111665005,1.2501879098407311,1.2986646502835542
2025-04-22,KXGDPYEAR-25,2025-09-07,1.0850877192982458,0.8,0.1,0.3221010901883053,1.0470080689804986,1.3198653431825178
2025-04-23,KXGDPYEAR-25,2025-09-07,1.064957264957265,0.8,0.1,0.30273437499999994,1.148988746293191,1.3014215793702975
2025-04-24,KXGDPYEAR-25,2025-09-07,1.064957264957265,0.8,0.1,0.30273437499999994,1.148988746293191,1.3014215793702975
2025-04-25,KXGDPYEAR-25,2025-09-07,1.064957264957265,0.8,0.1,0.30273437499999994,1.148988746293191,1.3014215793702975
2025-04-26,KXGDPYEAR-25,2025-09-07,1.064957264957265,0.8,0.1,0.30273437499999994,1.148988746293191,1.3014215793702975
2025-04-27,KXGDPYEAR-25,2025-09-07,1.064957264957265,0.8,0.1,0.30273437499999994,1.148988746293191,1.3014215793702975
2025-04-28,KXGDPYEAR-25,2025-09-07,1.0487394957983194,0.8,0.1,0.28516377649325625,1.2008767735127153,1.2949353859190733
2025-04-29,KXGDPYEAR-25,2025-09-07,1.081739130434783,0.8,0.1,0.32079207920792097,1.098401775597667,1.3075795841209836
2025-04-30,KXGDPYEAR-25,2025-09-07,1.0395161290322579,0.8,0.1,0.27835051546391737,1.3176733452447431,1.2586804110301764
2025-05-01,KXGDPYEAR-25,2025-09-07,1.0395161290322579,0.8,0.1,0.27835051546391737,1.3176733452447431,1.2586804110301764
2025-05-02,KXGDPYEAR-25,2025-09-07,1.0752000000000002,0.8,0.1,0.3127272727272726,1.0266884129915619,1.28186496
2025-05-03,KXGDPYEAR-25,2025-09-07,1.0752000000000002,0.8,0.1,0.3127272727272726,1.0266884129915619,1.28186496
2025-05-04,KXGDPYEAR-25,2025-09-07,1.0752000000000002,0.8,0.1,0.3127272727272726,1.0266884129915619,1.28186496
2025-05-05,KXGDPYEAR-25,2025-09-07,1.1074380165289255,0.8,0.1,0.34701492537313416,0.9407127515060747,1.2917628577282971
2025-05-06,KXGDPYEAR-25,2025-09-07,1.1074380165289255,0.8,0.1,0.34701492537313416,0.9407127515060747,1.2917628577282971
2025-05-07,KXGDPYEAR-25,2025-09-07,1.0752000000000002,0.8,0.1,0.3127272727272726,1.0266884129915619,1.28186496
2025-05-08,KXGDPYEAR-25,2025-09-07,1.1158333333333335,0.8,0.1,0.355868544600939,0.9200769397948498,1.2939993055555554
2025-05-09,KXGDPYEAR-25,2025-09-07,1.0752000000000002,0.8,0.1,0.3127272727272726,1.0266884129915619,1.28186496
2025-05-10,KXGDPYEAR-25,2025-09-07,1.0910569105691055,0.8,0.1,0.3296500920810315,0.9830396730286974,1.2869931918831383
2025-05-11,KXGDPYEAR-25,2025-09-07,1.0910569105691055,0.8,0.1,0.3296500920810315,0.9830396730286974,1.2869931918831383
2025-05-12,KXGDPYEAR-25,2025-09-07,1.1243697478991599,0.8,0.1,0.36483931947069986,0.8998112440729988,1.2961288044629617
2025-05-13,KXGDPYEAR-25,2025-09-07,1.2070796460176987,0.8,0.1,0.4536489151873764,0.8076427326265918,1.2818967812671305
2025-05-14,KXGDPYEAR-25,2025-09-07,1.307627118644068,1.3,0.1,0.00821917808219195,0.2988229698116034,1.3003655558747484
2025-05-15,KXGDPYEAR-25,2025-09-07,1.3118644067796612,1.3,0.1,0.012727272727272644,0.28256504516777525,1.2981643205975295
2025-05-16,KXGDPYEAR-25,2025-09-07,1.3366666666666667,1.3,0.1,0.03893805309734509,0.13204840253813055,1.3128222222222221
2025-05-17,KXGDPYEAR-25,2025-09-07,1.3683760683760688,1.3,0.1,0.07312614259597827,0.12136485706757894,1.3062648842136022
2025-05-18,KXGDPYEAR-25,2025-09-07,1.3641025641025644,1.3,0.1,0.06887052341597844,0.16454368006173503,1.2961472715318867
2025-05-19,KXGDPYEAR-25,2025-09-07,1.320491803278688,1.3,0.1,0.021949078138717434,0.2246346069201004,1.2875309056705182
2025-05-20,KXGDPYEAR-25,2025-09-07,1.3330578512396694,1.3,0.1,0.03527336860670207,0.17554552213340235,1.2954361040912505
2025-05-21,KXGDPYEAR-25,2025-09-07,1.3032258064516131,1.3,0.1,0.0034188034188033694,0.19090597842942092,1.2999895941727362
2025-05-22,KXGDPYEAR-25,2025-09-07,1.313008130081301,1.3,0.1,0.013816925734024115,0.1851818552592328,1.298692577169674
2025-05-23,KXGDPYEAR-25,2025-09-07,1.313008130081301,1.3,0.1,0.013816925734024115,0.1851818552592328,1.298692577169674
2025-05-24,KXGDPYEAR-25,2025-09-07,1.333884297520661,1.3,0.1,0.03587051618547692,0.1176526925136061,1.3129840857864898
2025-05-25,KXGDPYEAR-25,2025-09-07,1.3258333333333334,1.3,0.1,0.027360988526037335,0.14685310955680064,1.3160826388888889
2025-05-26,KXGDPYEAR-25,2025-09-07,1.3088709677419355,1.3,0.1,0.009540329575021607,0.2588356279169366,1.2822600156087405
2025-05-27,KXGDPYEAR-25,2025-09-07,1.33203125,1.3,0.1,0.03465765004226562,0.20773023043114858,1.2607708740234373
2025-05-28,KXGDPYEAR-25,2025-09-07,1.3166666666666669,1.3,0.1,0.01805674978503887,0.2690471636795384,1.2656746031746027
2025-05-29,KXGDPYEAR-25,2025-09-07,1.31869918699187,1.3,0.1,0.020157756354075705,0.25342281613451156,1.2807072509749484
2025-05-30,KXGDPYEAR-25,2025-09-07,1.3474576271186438,1.3,0.1,0.05008944543828256,0.1234115872761734,1.3135104854926747
2025-05-31,KXGDPYEAR-25,2025-09-07,1.3310344827586205,1.3,0.1,0.03278688524590183,0.18189067949466642,1.3202437574316286
2025-06-01,KXGDPYEAR-25,2025-09-07,1.3788990825688079,1.3,0.1,0.08365758754863818,0.14196100280080248,1.3291877788064979
2025-06-02,KXGDPYEAR-25,2025-09-07,1.3486956521739137,1.3,0.1,0.05293005671077575,0.26953121036114025,1.289454820415879
2025-06-03,KXGDPYEAR-25,2025-09-07,1.3486956521739137,1.3,0.1,0.05293005671077575,0.26953121036114025,1.289454820415879
2025-06-04,KXGDPYEAR-25,2025-09-07,1.3821428571428571,1.3,0.1,0.09001956947162468,0.2611614112272034,1.2811096938775506
2025-06-05,KXGDPYEAR-25,2025-09-07,1.3821428571428571,1.3,0.1,0.09001956947162468,0.2611614112272034,1.2811096938775506
2025-06-06,KXGDPYEAR-25,2025-09-07,1.3821428571428571,1.3,0.1,0.09001956947162468,0.2611614112272034,1.2811096938775506
2025-06-07,KXGDPYEAR-25,2025-09-07,1.3821428571428571,1.3,0.1,0.09001956947162468,0.2611614112272034,1.2811096938775506
2025-06-08,KXGDPYEAR-25,2025-09-07,1.3821428571428571,1.3,0.1,0.09001956947162468,0.2611614112272034,1.2811096938775506
2025-06-09,KXGDPYEAR-25,2025-09-07,1.3821428571428571,1.3,0.1,0.09001956947162468,0.2611614112272034,1.2811096938775506
2025-06-10,KXGDPYEAR-25,2025-09-07,1.3472727272727274,1.3,0.1,0.052953156822810675,0.5112342852133134,1.236310743801653
2025-06-11,KXGDPYEAR-25,2025-09-07,1.272549019607843,1.3,0.1,-0.03104212860310436,0.9253386458008306,1.2368935024990384
2025-06-12,KXGDPYEAR-25,2025-09-07,1.272549019607843,1.3,0.1,-0.03104212860310436,0.9253386458008306,1.2368935024990384
2025-06-13,KXGDPYEAR-25,2025-09-07,1.272549019607843,1.3,0.1,-0.03104212860310436,0.9253386458008306,1.2368935024990384
2025-06-14,KXGDPYEAR-25,2025-09-07,1.272549019607843,1.3,0.1,-0.03104212860310436,0.9253386458008306,1.2368935024990384
2025-06-15,KXGDPYEAR-25,2025-09-07,1.272549019607843,1.3,0.1,-0.03104212860310436,0.9253386458008306,1.2368935024990384
2025-06-16,KXGDPYEAR-25,2025-09-07,1.272549019607843,1.3,0.1,-0.03104212860310436,0.9253386458008306,1.2368935024990384
2025-06-17,KXGDPYEAR-25,2025-09-07,1.272549019607843,1.3,0.1,-0.03104212860310436,0.9253386458008306,1.2368935024990384
2025-06-18,KXGDPYEAR-25,2025-09-07,1.3081632653061226,1.3,0.1,0.009237875288683459,0.8656203790816637,1.2440149937526033
2025-06-19,KXGDPYEAR-25,2025-09-07,1.3673267326732672,1.3,1.8,0.07852193995381095,0.8758818800780794,1.1877443387903144
2025-06-20,KXGDPYEAR-25,2025-09-07,1.3673267326732672,1.3,1.8,0.07852193995381095,0.8758818800780794,1.1877443387903144
2025-06-21,KXGDPYEAR-25,2025-09-07,1.3719626168224301,1.3,0.1,0.0813093980992608,0.5570416541108498,1.2236998864529651
2025-06-22,KXGDPYEAR-25,2025-09-07,1.3719626168224301,1.3,0.1,0.0813093980992608,0.5570416541108498,1.2236998864529651
2025-06-23,KXGDPYEAR-25,2025-09-07,1.3719626168224301,1.3,0.1,0.0813093980992608,0.5570416541108498,1.2236998864529651
2025-06-24,KXGDPYEAR-25,2025-09-07,1.3737373737373737,1.3,0.1,0.08193041526374852,0.4999030064802894,1.274057749209264
2025-06-25,KXGDPYEAR-25,2025-09-07,1.4396226415094338,1.3,0.1,0.15320910973084884,0.2137253664758778,1.2722036311854752
2025-06-26,KXGDPYEAR-25,2025-09-07,1.3552083333333333,1.3,0.1,0.06084959816303072,0.5040545775261278,1.316431206597222
2025-06-27,KXGDPYEAR-25,2025-09-07,1.3673267326732674,1.3,1.3,0.08037825059101687,0.9088176633065732,1.187744338790315
2025-06-28,KXGDPYEAR-25,2025-09-07,1.3838383838383836,1.3,1.3,0.0998796630565586,0.8604310347689621,1.1967084991327412
2025-06-29,KXGDPYEAR-25,2025-09-07,1.423958333333333,1.3,1.3,0.14968553459119427,0.8825054728729143,1.1809884982638883
2025-06-30,KXGDPYEAR-25,2025-09-07,1.423958333333333,1.3,1.3,0.14968553459119427,0.8825054728729143,1.1809884982638883
2025-07-01,KXGDPYEAR-25,2025-09-07,1.3819148936170216,1.3,1.3,0.09909909909909888,1.0703306199159908,1.1825452693526481
2025-07-02,KXGDPYEAR-25,2025-09-07,1.3935483870967735,1.3,1.3,0.11342894393741798,1.0606933888188745,1.1825390218522371
2025-07-03,KXGDPYEAR-25,2025-09-07,1.4463157894736838,1.3,1.3,0.17484276729559745,0.749066722610567,1.2138548476454292
2025-07-04,KXGDPYEAR-25,2025-09-07,1.4463157894736838,1.3,1.3,0.17484276729559745,0.749066722610567,1.2138548476454292
2025-07-05,KXGDPYEAR-25,2025-09-07,1.487,1.3,1.3,0.21568627450980396,0.38044647430058864,1.2429309999999996
2025-07-06,KXGDPYEAR-25,2025-09-07,1.487,1.3,1.3,0.21568627450980396,0.38044647430058864,1.2429309999999996
2025-07-07,KXGDPYEAR-25,2025-09-07,1.487,1.3,1.3,0.21568627450980396,0.38044647430058864,1.2429309999999996
2025-07-08,KXGDPYEAR-25,2025-09-07,1.487,1.3,1.3,0.21568627450980396,0.38044647430058864,1.2429309999999996
2025-07-09,KXGDPYEAR-25,2025-09-07,1.487,1.3,1.3,0.21568627450980396,0.38044647430058864,1.2429309999999996
2025-07-10,KXGDPYEAR-25,2025-09-07,1.5058252427184469,1.3,1.3,0.23766816143497738,0.358978846637783,1.220160241304553
2025-07-11,KXGDPYEAR-25,2025-09-07,1.4971153846153848,1.3,1.3,0.2255225522552255,0.33262955242291037,1.2277801405325441
2025-07-12,KXGDPYEAR-25,2025-09-07,1.4971153846153848,1.3,1.3,0.2255225522552255,0.33262955242291037,1.2277801405325441
2025-07-13,KXGDPYEAR-25,2025-09-07,1.4971153846153848,1.3,1.3,0.2255225522552255,0.33262955242291037,1.2277801405325441
2025-07-14,KXGDPYEAR-25,2025-09-07,1.4971153846153848,1.3,1.3,0.2255225522552255,0.33262955242291037,1.2277801405325441
2025-07-15,KXGDPYEAR-25,2025-09-07,1.4971153846153848,1.3,1.3,0.2255225522552255,0.33262955242291037,1.2277801405325441
2025-07-16,KXGDPYEAR-25,2025-09-07,1.4913461538461539,1.3,1.8,0.23005780346820812,0.7217850801053998,1.1446366494082838
2025-07-17,KXGDPYEAR-25,2025-09-07,1.4858490566037734,1.3,1.8,0.22462941847206386,0.7516717142820366,1.1332903168387327
2025-07-18,KXGDPYEAR-25,2025-09-07,1.4853211009174316,1.3,1.8,0.2290249433106575,0.8488059394659464,1.103637740930898
2025-07-19,KXGDPYEAR-25,2025-09-07,1.5063063063063056,1.3,1.8,0.25875706214689204,0.9356614114556425,1.0686989692395092
2025-07-20,KXGDPYEAR-25,2025-09-07,1.5044642857142858,1.3,1.8,0.2587570621468927,0.9740174877158787,1.0595336415816323
2025-07-21,KXGDPYEAR-25,2025-09-07,1.4446601941747577,1.3,1.8,0.18509316770186354,1.3210509626308449,1.0601413893863698
2025-07-22,KXGDPYEAR-25,2025-09-07,1.4446601941747577,1.3,1.8,0.18509316770186354,1.3210509626308449,1.0601413893863698
2025-07-23,KXGDPYEAR-25,2025-09-07,1.4663461538461542,1.3,1.8,0.22151088348271458,1.5210177711536055,1.0153097263313609
2025-07-24,KXGDPYEAR-25,2025-09-07,1.4915094339622643,1.3,1.8,0.25030826140567214,1.281330819566275,1.0290788536845854
2025-07-25,KXGDPYEAR-25,2025-09-07,1.4828828828828824,1.3,1.8,0.24137931034482699,1.3599111933036712,1.002319616914211
2025-07-26,KXGDPYEAR-25,2025-09-07,1.4828828828828824,1.3,1.8,0.24137931034482699,1.3599111933036712,1.002319616914211
2025-07-27,KXGDPYEAR-25,2025-09-07,1.4828828828828824,1.3,1.8,0.24137931034482699,1.3599111933036712,1.002319616914211
2025-07-28,KXGDPYEAR-25,2025-09-07,1.5214285714285714,1.3,1.8,0.27990970654627556,0.9221073721677251,1.0511479591836734
2025-07-29,KXGDPYEAR-25,2025-09-07,1.5472727272727274,1.3,1.8,0.3155452436194899,0.982698964642946,1.0328561983471076
2025-07-30,KXGDPYEAR-25,2025-09-07,1.607070707070707,1.8,1.8,-0.2748201438848921,1.8919474540253436,0.9198489950005101
2025-07-31,KXGDPYEAR-25,2025-09-07,1.5147368421052632,1.3,1.3,0.3138461538461539,2.3376676314398876,0.9265196675900274
2025-08-01,KXGDPYEAR-25,2025-09-07,1.4928571428571429,1.3,1.3,0.275912408759124,2.084005038596617,0.9541326530612245
2025-08-02,KXGDPYEAR-25,2025-09-07,1.5072164948453612,1.3,1.3,0.2986627043090644,2.140089252293291,0.9437623551918375
2025-08-03,KXGDPYEAR-25,2025-09-07,1.5260000000000002,1.3,1.8,0.32378223495702024,2.1779593502609043,0.9185239999999999
2025-08-04,KXGDPYEAR-25,2025-09-07,1.533980582524272,1.3,1.8,0.33800841514726465,2.272088553274453,0.8938938637006315
2025-08-05,KXGDPYEAR-25,2025-09-07,1.5480392156862748,1.55,1.8,0.36091298145506456,2.3465204052766797,0.8823000768935023
2025-08-06,KXGDPYEAR-25,2025-09-07,1.545544554455446,1.3,1.8,0.3563218390804606,2.313007473057091,0.8904009410842075
2025-08-07,KXGDPYEAR-25,2025-09-07,1.582828282828283,1.8,1.8,-0.32625189681335315,2.48151052211821,0.8652606876849301
2025-08-08,KXGDPYEAR-25,2025-09-07,1.582828282828283,1.8,1.8,-0.32625189681335315,2.48151052211821,0.8652606876849301
2025-08-09,KXGDPYEAR-25,2025-09-07,1.582828282828283,1.8,1.8,-0.32625189681335315,2.48151052211821,0.8652606876849301
2025-08-10,KXGDPYEAR-25,2025-09-07,1.582828282828283,1.8,1.8,-0.32625189681335315,2.48151052211821,0.8652606876849301
2025-08-11,KXGDPYEAR-25,2025-09-07,1.582828282828283,1.8,1.8,-0.32625189681335315,2.48151052211821,0.8652606876849301
2025-08-12,KXGDPYEAR-25,2025-09-07,1.582828282828283,1.8,1.8,-0.32625189681335315,2.48151052211821,0.8652606876849301
2025-08-13,KXGDPYEAR-25,2025-09-07,1.6564356435643568,1.8,1.8,-0.20166898470097278,1.4704158344497076,0.9430526418978531
2025-08-14,KXGDPYEAR-25,2025-09-07,1.6564356435643568,1.8,1.8,-0.20166898470097278,1.4704158344497076,0.9430526418978531
2025-08-15,KXGDPYEAR-25,2025-09-07,1.6504672897196266,1.8,1.8,-0.21798365122615773,1.715936729807777,0.8942754825748972
2025-08-16,KXGDPYEAR-25,2025-09-07,1.605,1.3,1.8,0.44267053701015985,1.883538752285138,0.9252749999999997
2025-08-17,KXGDPYEAR-25,2025-09-07,1.605,1.3,1.8,0.44267053701015985,1.883538752285138,0.9252749999999997
2025-08-18,KXGDPYEAR-25,2025-09-07,1.5990196078431373,1.3,1.3,0.44267053701016,1.9884174709241025,0.9089206074586695
2025-08-19,KXGDPYEAR-25,2025-09-07,1.6192307692307695,1.5499999999999998,1.8,-0.27167630057803477,2.1724988012509057,0.870591715976331
2025-08-20,KXGDPYEAR-25,2025-09-07,1.6192307692307695,1.5499999999999998,1.8,-0.27167630057803477,2.1724988012509057,0.870591715976331
2025-08-21,KXGDPYEAR-25,2025-09-07,1.6077586206896552,1.3,1.3,0.4979079497907954,2.7218897685636447,0.7879570451843044
2025-08-22,KXGDPYEAR-25,2025-09-07,1.6077586206896552,1.3,1.3,0.4979079497907954,2.7218897685636447,0.7879570451843044
2025-08-23,KXGDPYEAR-25,2025-09-07,1.5919642857142862,1.3,1.3,0.475982532751092,2.859920086750116,0.7932389987244899
2025-08-24,KXGDPYEAR-25,2025-09-07,1.5723214285714289,1.3,1.3,0.44267053701016,2.808985225986012,0.8082517538265307
2025-08-25,KXGDPYEAR-25,2025-09-07,1.5723214285714289,1.3,1.3,0.44267053701016,2.808985225986012,0.8082517538265307
2025-08-26,KXGDPYEAR-25,2025-09-07,1.5723214285714289,1.3,1.3,0.44267053701016,2.808985225986012,0.8082517538265307
2025-08-27,KXGDPYEAR-25,2025-09-07,1.6211382113821142,1.8,1.8,-0.28795811518324615,2.5938871052380215,0.7735369158569634
2025-08-28,KXGDPYEAR-25,2025-09-07,1.655263157894737,1.55,1.3,0.5712270803949223,2.7369990502794668,0.7670337026777468
2025-08-29,KXGDPYEAR-25,2025-09-07,1.6830357142857144,1.8,1.3,-0.19407407407407395,2.9688613084748754,0.7367657844387755
2025-08-30,KXGDPYEAR-25,2025-09-07,1.7431034482758623,1.8,1.8,-0.09999999999999973,2.786995134037989,0.7148662306777643
2025-08-31,KXGDPYEAR-25,2025-09-07,1.7245614035087724,1.8,1.8,-0.13437500000000002,3.070024089079708,0.7074669128962757
2025-09-01,KXGDPYEAR-25,2025-09-07,1.7290598290598291,1.8,1.8,-0.12259970457902505,2.658793314516985,0.731634158813646
2025-09-02,KXGDPYEAR-25,2025-09-07,1.7241379310344827,1.8,1.8,-0.13095238095238043,2.6763258033007444,0.7351070154577883
2025-09-03,KXGDPYEAR-25,2025-09-07,1.7631067961165052,1.8,1.8,-0.0610932475884239,2.3680186464949804,0.7844641342256576
2025-09-04,KXGDPYEAR-25,2025-09-07,1.7631067961165052,1.8,1.8,-0.0610932475884239,2.3680186464949804,0.7844641342256576
2025-09-05,KXGDPYEAR-25,2025-09-07,1.7631067961165052,1.8,1.8,-0.0610932475884239,2.3680186464949804,0.7844641342256576
2025-09-06,KXGDPYEAR-25,2025-09-07,1.7298969072164956,1.8,1.8,-0.11486486486486444,2.441122717042102,0.8140546285471357
2025-09-07,KXGDPYEAR-25,2025-09-07,1.6933962264150946,1.8,1.3,-0.17739403453689132,2.925792864903892,0.7592960128159488
